"Date","Price","Open","High","Low","Vol.","Change %"
"06/10/2025","1.92","1.98","2.00","1.92","13.70M","-1.03%"
"06/09/2025","1.94","1.94","1.96","1.87","15.67M","-2.02%"
"06/06/2025","1.98","1.98","1.99","1.94","7.46M","0.51%"
"06/05/2025","1.97","2.01","2.03","1.95","6.37M","-1.99%"
"06/04/2025","2.01","2.01","2.06","1.97","8.36M","0.50%"
"06/03/2025","2.00","1.92","2.03","1.91","10.93M","4.17%"
"06/02/2025","1.92","1.97","1.99","1.92","14.03M","-1.03%"
"05/30/2025","1.94","1.99","2.03","1.94","42.03M","-2.51%"
"05/29/2025","1.99","1.98","2.00","1.93","13.65M","1.02%"
"05/28/2025","1.97","2.00","2.01","1.96","11.72M","-1.01%"
"05/27/2025","1.99","1.96","2.08","1.96","17.79M","1.02%"
"05/26/2025","1.97","2.17","2.23","1.97","32.12M","-7.94%"
"05/23/2025","2.14","2.01","2.23","1.96","48.54M","7.00%"
"05/22/2025","2.00","1.78","2.04","1.77","40.12M","12.36%"
"05/21/2025","1.78","1.69","1.81","1.68","32.50M","5.95%"
"05/20/2025","1.68","1.68","1.70","1.66","19.40M","-0.59%"
"05/19/2025","1.69","1.70","1.71","1.66","20.35M","-1.17%"
"05/16/2025","1.71","1.69","1.71","1.67","25.42M","0.59%"
"05/15/2025","1.70","1.71","1.72","1.68","24.38M","-0.58%"
"05/14/2025","1.71","1.71","1.76","1.68","32.02M","-4.47%"
"05/13/2025","1.79","1.78","1.87","1.77","20.02M","0.56%"
"05/12/2025","1.78","1.82","1.86","1.75","17.09M","-1.11%"
"05/09/2025","1.80","1.83","1.85","1.76","10.66M","-1.10%"
"05/08/2025","1.82","1.77","1.85","1.77","17.06M","5.20%"
"05/07/2025","1.73","1.77","1.77","1.72","6.59M","-1.70%"
"05/06/2025","1.76","1.76","1.80","1.74","7.25M","-0.56%"
"05/05/2025","1.77","1.86","1.89","1.74","18.21M","-4.32%"
"05/02/2025","1.85","1.82","1.87","1.81","8.42M","2.21%"
"04/30/2025","1.81","1.83","1.87","1.79","18.73M","-1.09%"
"04/29/2025","1.83","1.79","1.84","1.78","5.89M","2.23%"
"04/28/2025","1.79","1.80","1.84","1.78","8.43M","-0.56%"
"04/25/2025","1.80","1.84","1.84","1.77","19.36M","-2.70%"
"04/24/2025","1.85","1.78","1.87","1.77","15.04M","3.93%"
"04/23/2025","1.78","1.75","1.82","1.74","16.16M","2.89%"
"04/22/2025","1.73","1.76","1.78","1.72","11.83M","-1.70%"
"04/17/2025","1.76","1.74","1.79","1.73","7.75M","1.15%"
"04/16/2025","1.74","1.76","1.77","1.73","10.46M","-1.14%"
"04/15/2025","1.76","1.77","1.78","1.73","7.64M","-1.12%"
"04/14/2025","1.78","1.78","1.79","1.73","11.01M","1.14%"
"04/11/2025","1.76","1.77","1.78","1.74","10.44M","-0.56%"
"04/10/2025","1.77","1.78","1.79","1.72","14.65M","0.00%"
"04/09/2025","1.77","1.68","1.80","1.66","22.07M","4.73%"
"04/08/2025","1.69","1.70","1.74","1.66","14.03M","0.00%"
"04/07/2025","1.69","1.71","1.76","1.66","16.79M","-2.87%"
"04/04/2025","1.74","1.81","1.81","1.72","17.28M","-5.43%"
"04/03/2025","1.84","1.83","1.89","1.82","16.96M","0.00%"
"04/02/2025","1.84","1.87","1.90","1.83","11.62M","-1.60%"
"04/01/2025","1.87","1.84","1.88","1.84","7.89M","1.08%"
"03/31/2025","1.85","1.86","1.88","1.83","10.89M","-0.54%"
"03/28/2025","1.86","1.92","1.92","1.85","11.95M","-2.62%"
"03/27/2025","1.91","1.89","1.92","1.87","11.74M","1.06%"
"03/26/2025","1.89","1.87","1.90","1.86","11.40M","0.00%"
"03/25/2025","1.89","1.87","1.89","1.86","9.19M","1.07%"
"03/24/2025","1.87","1.87","1.89","1.83","8.73M","0.00%"
"03/21/2025","1.87","1.84","1.87","1.82","37.16M","1.63%"
"03/20/2025","1.84","1.86","1.89","1.83","15.65M","-1.08%"
"03/19/2025","1.86","1.83","1.87","1.81","11.55M","1.64%"
"03/18/2025","1.83","1.83","1.84","1.80","8.06M","0.00%"
"03/17/2025","1.83","1.78","1.85","1.77","13.19M","2.81%"
"03/14/2025","1.78","1.71","1.80","1.70","15.51M","4.09%"
"03/13/2025","1.71","1.71","1.72","1.68","9.97M","0.00%"
"03/12/2025","1.71","1.75","1.76","1.70","6.90M","-1.72%"
"03/11/2025","1.74","1.75","1.76","1.70","5.98M","-0.57%"
"03/10/2025","1.75","1.73","1.79","1.73","10.78M","0.57%"
"03/07/2025","1.74","1.68","1.77","1.67","14.32M","2.35%"
"03/06/2025","1.70","1.70","1.72","1.65","15.14M","-0.58%"
"03/05/2025","1.71","1.66","1.72","1.65","9.73M","3.64%"
"02/28/2025","1.65","1.74","1.76","1.63","21.62M","-4.62%"
"02/27/2025","1.73","1.74","1.77","1.72","8.38M","-0.57%"
"02/26/2025","1.74","1.78","1.79","1.72","9.79M","-1.69%"
"02/25/2025","1.77","1.70","1.78","1.66","24.50M","4.12%"
"02/24/2025","1.70","1.73","1.73","1.67","14.51M","-1.73%"
"02/21/2025","1.73","1.75","1.76","1.70","11.46M","-1.14%"
"02/20/2025","1.75","1.77","1.77","1.73","14.36M","-1.13%"
"02/19/2025","1.77","1.84","1.84","1.77","19.93M","-3.80%"
"02/18/2025","1.84","1.85","1.92","1.83","28.62M","-0.54%"
"02/17/2025","1.85","1.71","1.85","1.64","49.61M","4.52%"
"02/14/2025","1.77","1.77","1.80","1.73","19.93M","0.00%"
"02/13/2025","1.77","1.79","1.80","1.75","5.91M","-1.12%"
"02/12/2025","1.79","1.80","1.83","1.75","13.26M","-1.10%"
"02/11/2025","1.81","1.77","1.83","1.77","8.23M","1.69%"
"02/10/2025","1.78","1.74","1.82","1.74","12.28M","1.14%"
"02/07/2025","1.76","1.83","1.83","1.73","13.86M","-3.83%"
"02/06/2025","1.83","1.70","1.87","1.62","83.47M","8.28%"
"02/05/2025","1.69","1.84","1.84","1.68","55.02M","-7.65%"
"02/04/2025","1.83","1.90","1.91","1.83","24.73M","-3.68%"
"02/03/2025","1.90","1.89","1.91","1.85","45.10M","0.00%"
"01/31/2025","1.90","1.96","1.98","1.90","26.03M","-3.06%"
"01/30/2025","1.96","1.93","1.98","1.93","18.05M","1.55%"
"01/29/2025","1.93","1.98","1.98","1.91","13.93M","-1.53%"
"01/28/2025","1.96","1.97","1.99","1.93","12.29M","-0.51%"
"01/27/2025","1.97","1.90","2.02","1.88","28.21M","4.23%"
"01/24/2025","1.89","1.86","1.93","1.85","15.67M","1.61%"
"01/23/2025","1.86","1.92","1.92","1.85","20.41M","-3.12%"
"01/22/2025","1.92","1.88","1.97","1.87","30.90M","2.67%"
"01/21/2025","1.87","1.92","1.93","1.83","35.35M","-3.11%"
"01/20/2025","1.93","2.01","2.02","1.91","27.66M","-5.39%"
"01/17/2025","2.04","2.02","2.04","2.00","18.97M","1.49%"
"01/16/2025","2.01","2.10","2.10","2.00","12.42M","-3.83%"
"01/15/2025","2.09","2.02","2.10","2.00","14.41M","4.50%"
"01/14/2025","2.00","2.03","2.03","1.97","13.09M","-0.99%"
"01/13/2025","2.02","2.03","2.05","1.99","12.21M","0.00%"
"01/10/2025","2.02","2.04","2.06","2.00","9.77M","-0.98%"
"01/09/2025","2.04","2.06","2.07","2.03","7.72M","0.00%"
"01/08/2025","2.04","2.15","2.16","2.04","18.38M","-5.12%"
"01/07/2025","2.15","2.17","2.23","2.15","12.73M","-0.92%"
"01/06/2025","2.17","2.13","2.18","2.10","11.43M","1.88%"
"01/03/2025","2.13","2.13","2.14","2.08","8.76M","0.00%"
"01/02/2025","2.13","2.16","2.17","2.10","14.33M","-1.39%"
"12/30/2024","2.16","2.12","2.16","2.10","9.31M","1.89%"
"12/27/2024","2.12","2.16","2.18","2.11","12.95M","-1.40%"
"12/26/2024","2.15","2.18","2.21","2.14","9.76M","-1.38%"
"12/23/2024","2.18","2.27","2.30","2.15","10.15M","-4.80%"
"12/20/2024","2.29","2.16","2.32","2.15","16.96M","6.02%"
"12/19/2024","2.16","2.19","2.22","2.15","18.54M","-1.37%"
"12/18/2024","2.19","2.33","2.33","2.15","27.43M","-6.01%"
"12/17/2024","2.33","2.40","2.42","2.32","28.34M","-3.72%"
"12/16/2024","2.42","2.45","2.48","2.41","8.36M","-1.22%"
"12/13/2024","2.45","2.46","2.48","2.43","11.45M","-0.41%"
"12/12/2024","2.46","2.59","2.60","2.45","17.85M","-5.75%"
"12/11/2024","2.61","2.53","2.65","2.52","17.65M","3.16%"
"12/10/2024","2.53","2.47","2.55","2.45","8.04M","3.27%"
"12/09/2024","2.45","2.47","2.50","2.42","7.30M","-0.41%"
"12/06/2024","2.46","2.57","2.59","2.44","12.55M","-3.91%"
"12/05/2024","2.56","2.59","2.62","2.54","7.20M","0.00%"
"12/04/2024","2.56","2.52","2.59","2.51","10.65M","1.59%"
"12/03/2024","2.52","2.51","2.55","2.50","8.04M","0.00%"
"12/02/2024","2.52","2.64","2.65","2.50","17.48M","-4.55%"
"11/29/2024","2.64","2.55","2.67","2.52","15.38M","3.53%"
"11/28/2024","2.55","2.64","2.66","2.55","14.55M","-4.14%"
"11/27/2024","2.66","2.66","2.69","2.63","12.57M","0.00%"
"11/26/2024","2.66","2.66","2.69","2.62","13.63M","0.00%"
"11/25/2024","2.66","2.61","2.70","2.58","21.16M","2.31%"
"11/22/2024","2.60","2.45","2.61","2.44","34.25M","7.00%"
"11/21/2024","2.43","2.46","2.47","2.42","11.43M","-1.62%"
"11/19/2024","2.47","2.50","2.50","2.45","10.09M","-1.20%"
"11/18/2024","2.50","2.43","2.51","2.41","23.15M","3.31%"
"11/14/2024","2.42","2.48","2.49","2.42","22.25M","-2.42%"
"11/13/2024","2.48","2.63","2.64","2.48","35.59M","-6.42%"
"11/12/2024","2.65","2.70","2.70","2.63","12.39M","-1.85%"
"11/11/2024","2.70","2.70","2.72","2.66","9.05M","0.37%"
"11/08/2024","2.69","2.78","2.79","2.68","19.27M","-4.27%"
"11/07/2024","2.81","2.90","2.93","2.78","19.80M","-3.44%"
"11/06/2024","2.91","2.84","2.94","2.83","13.86M","0.00%"
"11/05/2024","2.91","2.89","2.91","2.83","13.71M","0.34%"
"11/04/2024","2.90","2.86","2.91","2.85","17.63M","1.75%"
"11/01/2024","2.85","2.81","2.87","2.80","28.98M","1.79%"
"10/31/2024","2.80","2.84","2.86","2.80","14.52M","-1.41%"
"10/30/2024","2.84","2.83","2.86","2.82","10.41M","0.35%"
"10/29/2024","2.83","2.88","2.89","2.81","11.78M","-1.39%"
"10/28/2024","2.87","2.85","2.89","2.84","6.88M","1.41%"
"10/25/2024","2.83","2.93","2.97","2.82","16.80M","-3.08%"
"10/24/2024","2.92","2.88","2.95","2.84","12.66M","1.74%"
"10/23/2024","2.87","2.84","2.88","2.80","15.13M","0.70%"
"10/22/2024","2.85","2.86","2.89","2.83","11.78M","-1.04%"
"10/21/2024","2.88","2.93","2.93","2.88","11.77M","-1.03%"
"10/18/2024","2.91","2.96","2.98","2.90","7.07M","-1.69%"
"10/17/2024","2.96","3.00","3.01","2.92","8.97M","-1.66%"
"10/16/2024","3.01","3.01","3.06","3.00","11.76M","0.00%"
"10/15/2024","3.01","2.96","3.02","2.95","10.63M","1.69%"
"10/14/2024","2.96","2.94","2.98","2.90","12.08M","0.34%"
"10/11/2024","2.95","2.97","2.98","2.89","11.77M","-1.01%"
"10/10/2024","2.98","2.99","3.01","2.96","6.23M","0.00%"
"10/09/2024","2.98","3.01","3.02","2.96","11.19M","-1.32%"
"10/08/2024","3.02","3.02","3.04","2.99","10.63M","-0.66%"
"10/07/2024","3.04","3.06","3.07","3.01","9.30M","-0.33%"
"10/04/2024","3.05","3.05","3.10","3.03","6.88M","-0.33%"
"10/03/2024","3.06","3.14","3.15","3.00","19.33M","-3.16%"
"10/02/2024","3.16","3.13","3.24","3.13","12.47M","1.61%"
"10/01/2024","3.11","3.11","3.17","3.09","14.74M","0.32%"
"09/30/2024","3.10","3.13","3.17","3.09","16.44M","-1.90%"
"09/27/2024","3.16","3.05","3.20","3.04","29.01M","3.61%"
"09/26/2024","3.05","3.04","3.11","3.03","10.46M","0.33%"
"09/25/2024","3.04","3.11","3.12","3.02","14.03M","-1.94%"
"09/24/2024","3.10","3.08","3.15","3.07","16.44M","1.97%"
"09/23/2024","3.04","3.14","3.14","3.04","23.59M","-3.18%"
"09/20/2024","3.14","3.06","3.14","3.04","28.71M","2.28%"
"09/19/2024","3.07","3.13","3.14","3.07","7.17M","-0.97%"
"09/18/2024","3.10","3.13","3.17","3.09","17.45M","-1.59%"
"09/17/2024","3.15","3.09","3.18","3.07","14.42M","1.61%"
"09/16/2024","3.10","3.10","3.14","3.07","8.59M","0.32%"
"09/13/2024","3.09","3.08","3.14","3.06","13.08M","0.98%"
"09/12/2024","3.06","3.00","3.09","2.98","19.89M","2.34%"
"09/11/2024","2.99","2.95","3.00","2.94","11.71M","1.36%"
"09/10/2024","2.95","3.00","3.00","2.92","14.06M","-1.67%"
"09/09/2024","3.00","3.04","3.05","2.98","8.92M","-1.32%"
"09/06/2024","3.04","3.14","3.15","3.04","18.70M","-3.18%"
"09/05/2024","3.14","3.14","3.18","3.12","11.15M","0.00%"
"09/04/2024","3.14","3.12","3.17","3.10","10.83M","0.64%"
"09/03/2024","3.12","3.17","3.19","3.12","8.04M","-1.89%"
"09/02/2024","3.18","3.19","3.20","3.16","5.51M","-0.93%"
"08/30/2024","3.21","3.19","3.22","3.15","12.93M","0.00%"
"08/29/2024","3.21","3.26","3.27","3.17","13.10M","-1.83%"
"08/28/2024","3.27","3.27","3.29","3.21","11.59M","-0.30%"
"08/27/2024","3.28","3.29","3.32","3.26","12.88M","-0.61%"
"08/26/2024","3.30","3.25","3.32","3.20","13.63M","0.92%"
"08/23/2024","3.27","3.22","3.32","3.22","17.49M","0.93%"
"08/22/2024","3.24","3.25","3.28","3.20","14.26M","-0.31%"
"08/21/2024","3.25","3.29","3.33","3.22","24.92M","-1.52%"
"08/20/2024","3.30","3.31","3.31","3.24","13.00M","0.00%"
"08/19/2024","3.30","3.31","3.35","3.28","18.20M","0.00%"
"08/16/2024","3.30","3.29","3.32","3.25","14.94M","0.61%"
"08/15/2024","3.28","3.23","3.32","3.21","16.28M","0.92%"
"08/14/2024","3.25","3.35","3.35","3.18","30.12M","-4.13%"
"08/13/2024","3.39","3.31","3.40","3.27","15.99M","2.42%"
"08/12/2024","3.31","3.28","3.35","3.28","13.39M","0.61%"
"08/09/2024","3.29","3.15","3.32","3.15","21.05M","4.11%"
"08/08/2024","3.16","3.14","3.20","3.13","14.90M","0.64%"
"08/07/2024","3.14","3.06","3.18","3.02","14.27M","3.29%"
"08/06/2024","3.04","2.95","3.11","2.92","25.17M","3.05%"
"08/05/2024","2.95","2.83","2.96","2.82","19.82M","0.34%"
"08/02/2024","2.94","2.97","3.01","2.91","14.08M","-0.67%"
"08/01/2024","2.96","3.00","3.07","2.96","33.53M","-0.67%"
"07/31/2024","2.98","2.99","3.03","2.97","20.21M","0.00%"
"07/30/2024","2.98","3.00","3.01","2.97","9.08M","-0.66%"
"07/29/2024","3.00","3.04","3.07","2.98","14.86M","-1.63%"
"07/26/2024","3.05","3.06","3.12","3.03","13.26M","-0.33%"
"07/25/2024","3.06","3.02","3.07","3.01","11.72M","1.32%"
"07/24/2024","3.02","3.06","3.07","3.01","14.44M","-0.33%"
"07/23/2024","3.03","3.07","3.09","3.02","17.93M","-1.94%"
"07/22/2024","3.09","3.06","3.12","3.04","16.81M","1.31%"
"07/19/2024","3.05","3.11","3.15","3.05","11.51M","-1.92%"
"07/18/2024","3.11","3.17","3.17","3.10","13.54M","-1.89%"
"07/17/2024","3.17","3.06","3.19","3.06","22.43M","2.58%"
"07/16/2024","3.09","3.08","3.11","3.04","10.86M","0.32%"
"07/15/2024","3.08","3.08","3.11","3.06","6.94M","0.32%"
"07/12/2024","3.07","3.10","3.12","3.05","12.59M","-0.65%"
"07/11/2024","3.09","3.02","3.11","3.00","19.68M","2.65%"
"07/10/2024","3.01","3.04","3.07","2.97","15.74M","-0.33%"
"07/09/2024","3.02","3.04","3.06","3.01","11.26M","-0.66%"
"07/08/2024","3.04","3.10","3.10","3.00","12.18M","-0.97%"
"07/05/2024","3.07","3.00","3.09","3.00","15.62M","3.01%"
"07/04/2024","2.98","3.04","3.05","2.95","15.28M","-0.66%"
"07/03/2024","3.00","3.00","3.05","3.00","9.23M","0.67%"
"07/02/2024","2.98","2.95","3.02","2.93","19.74M","0.34%"
"07/01/2024","2.97","2.94","2.99","2.93","13.83M","1.02%"
"06/28/2024","2.94","2.97","2.99","2.90","15.24M","-1.01%"
"06/27/2024","2.97","2.87","2.98","2.86","12.95M","3.83%"
"06/26/2024","2.86","2.84","2.87","2.81","8.77M","0.00%"
"06/25/2024","2.86","2.87","2.89","2.82","8.20M","-0.35%"
"06/24/2024","2.87","2.89","2.91","2.85","10.56M","-0.35%"
"06/21/2024","2.88","2.75","2.88","2.74","29.00M","3.96%"
"06/20/2024","2.77","2.81","2.84","2.73","14.22M","-0.71%"
"06/19/2024","2.79","2.80","2.80","2.74","9.56M","-0.71%"
"06/18/2024","2.81","2.77","2.85","2.76","8.32M","1.44%"
"06/17/2024","2.77","2.77","2.80","2.71","12.90M","-0.71%"
"06/14/2024","2.79","2.79","2.85","2.76","17.25M","0.00%"
"06/13/2024","2.79","2.67","2.81","2.67","19.93M","4.87%"
"06/12/2024","2.66","2.83","2.83","2.64","25.06M","-4.64%"
"06/11/2024","2.79","2.71","2.81","2.71","15.39M","2.94%"
"06/10/2024","2.71","2.70","2.75","2.66","13.59M","0.74%"
"06/07/2024","2.69","2.69","2.73","2.66","12.80M","-1.10%"
"06/06/2024","2.72","2.71","2.79","2.71","22.68M","0.37%"
"06/05/2024","2.71","2.68","2.76","2.64","29.00M","0.37%"
"06/04/2024","2.70","2.79","2.79","2.68","22.25M","-3.21%"
"06/03/2024","2.79","2.85","2.88","2.79","12.74M","-1.75%"
"05/31/2024","2.84","2.86","2.91","2.81","13.10M","-0.70%"
"05/29/2024","2.86","2.84","2.90","2.81","15.92M","0.70%"
"05/28/2024","2.84","2.93","2.94","2.84","12.51M","-1.72%"
"05/27/2024","2.89","2.83","2.93","2.83","11.35M","1.77%"
"05/25/2024","2.84","2.84","2.84","2.84","","0.70%"
"05/24/2024","2.82","2.80","2.84","2.79","6.85M","0.00%"
"05/23/2024","2.82","2.80","2.83","2.75","19.83M","0.71%"
"05/22/2024","2.80","2.91","2.92","2.77","29.83M","-4.10%"
"05/21/2024","2.92","2.93","2.96","2.89","15.06M","-0.34%"
"05/20/2024","2.93","2.97","3.00","2.92","12.00M","-1.01%"
"05/17/2024","2.96","3.01","3.01","2.96","7.52M","-1.66%"
"05/16/2024","3.01","3.04","3.04","2.93","15.99M","-0.33%"
"05/15/2024","3.02","2.99","3.02","2.96","12.67M","1.00%"
"05/14/2024","2.99","2.90","3.01","2.89","19.32M","0.67%"
"05/13/2024","2.97","3.01","3.04","2.95","14.14M","-1.32%"
"05/10/2024","3.01","3.05","3.07","2.99","8.38M","-1.63%"
"05/09/2024","3.06","3.08","3.09","3.02","10.55M","-1.60%"
"05/08/2024","3.11","3.16","3.18","3.11","8.34M","-2.50%"
"05/07/2024","3.19","3.19","3.20","3.15","8.01M","1.27%"
"05/06/2024","3.15","3.20","3.27","3.15","15.59M","-2.17%"
"05/03/2024","3.22","3.18","3.27","3.16","23.98M","2.87%"
"05/02/2024","3.13","3.09","3.19","3.08","14.92M","2.61%"
"04/30/2024","3.05","3.05","3.08","3.02","7.48M","-0.33%"
"04/29/2024","3.06","3.06","3.09","3.03","7.05M","0.00%"
"04/26/2024","3.06","3.06","3.10","3.03","7.49M","0.33%"
"04/25/2024","3.05","3.04","3.10","3.02","7.71M","0.33%"
"04/24/2024","3.04","3.07","3.10","2.99","14.07M","-0.65%"
"04/23/2024","3.06","3.07","3.13","3.04","13.50M","-1.60%"
"04/22/2024","3.11","3.02","3.13","2.98","16.51M","3.31%"
"04/19/2024","3.01","2.92","3.04","2.90","21.78M","3.07%"
"04/18/2024","2.92","2.98","3.01","2.87","30.39M","-1.35%"
"04/17/2024","2.96","2.98","3.01","2.92","24.43M","0.68%"
"04/16/2024","2.94","2.98","3.01","2.91","23.65M","-1.67%"
"04/15/2024","2.99","3.10","3.10","2.99","23.66M","-3.23%"
"04/12/2024","3.09","3.11","3.15","3.07","20.76M","-0.96%"
"04/11/2024","3.12","3.28","3.28","3.12","27.19M","-4.57%"
"04/10/2024","3.27","3.40","3.41","3.24","21.57M","-3.81%"
"04/09/2024","3.40","3.36","3.41","3.35","10.78M","1.49%"
"04/08/2024","3.35","3.33","3.37","3.31","15.66M","0.60%"
"04/05/2024","3.33","3.35","3.38","3.31","10.32M","-0.60%"
"04/04/2024","3.35","3.35","3.48","3.31","24.23M","0.00%"
"04/03/2024","3.35","3.31","3.39","3.28","12.51M","0.60%"
"04/02/2024","3.33","3.35","3.35","3.29","15.22M","-0.60%"
"04/01/2024","3.35","3.52","3.52","3.33","29.39M","-5.08%"
"03/28/2024","3.53","3.41","3.61","3.40","28.37M","3.51%"
"03/27/2024","3.41","3.23","3.45","3.20","49.64M","5.23%"
"03/26/2024","3.24","3.34","3.35","3.19","29.18M","-3.27%"
"03/25/2024","3.35","3.40","3.41","3.32","16.28M","-1.80%"
"03/23/2024","3.41","3.41","3.41","3.41","","0.34%"
"03/22/2024","3.40","3.49","3.49","3.38","15.19M","-2.68%"
"03/21/2024","3.49","3.58","3.60","3.45","10.60M","-2.49%"
"03/20/2024","3.58","3.51","3.62","3.49","10.17M","2.27%"
"03/19/2024","3.50","3.46","3.52","3.45","9.59M","1.73%"
"03/18/2024","3.44","3.45","3.46","3.40","10.69M","0.29%"
"03/15/2024","3.43","3.46","3.48","3.43","5.67M","-1.14%"
"03/14/2024","3.47","3.48","3.50","3.44","5.58M","-0.28%"
"03/13/2024","3.48","3.49","3.52","3.47","7.01M","-0.28%"
"03/12/2024","3.49","3.47","3.52","3.45","8.94M","0.86%"
"03/11/2024","3.46","3.45","3.51","3.43","8.44M","0.29%"
"03/08/2024","3.45","3.42","3.52","3.42","10.54M","0.00%"
"03/07/2024","3.45","3.48","3.51","3.42","10.28M","-0.85%"
"03/06/2024","3.48","3.52","3.54","3.45","19.54M","-0.85%"
"03/05/2024","3.51","3.59","3.60","3.48","25.72M","-2.21%"
"03/04/2024","3.59","3.55","3.62","3.55","15.55M","1.40%"
"03/01/2024","3.54","3.53","3.65","3.51","25.45M","0.85%"
"02/29/2024","3.51","3.63","3.63","3.47","29.76M","-3.28%"
"02/28/2024","3.63","3.69","3.70","3.61","25.06M","-1.88%"
"02/27/2024","3.70","3.69","3.76","3.68","16.16M","1.08%"
"02/26/2024","3.66","3.65","3.70","3.58","8.34M","0.00%"
"02/23/2024","3.66","3.81","3.82","3.65","17.25M","-4.16%"
"02/22/2024","3.82","3.86","3.87","3.78","17.26M","-0.52%"
"02/21/2024","3.84","3.84","3.89","3.80","13.00M","0.26%"
"02/20/2024","3.83","3.79","3.84","3.78","8.58M","0.26%"
"02/19/2024","3.82","3.87","3.90","3.79","7.64M","-1.03%"
"02/16/2024","3.86","3.81","3.89","3.77","10.34M","1.83%"
"02/15/2024","3.79","3.85","3.90","3.77","11.60M","-1.29%"
"02/14/2024","3.84","3.85","3.92","3.79","10.23M","-0.26%"
"02/09/2024","3.85","3.97","4.04","3.85","21.73M","-1.02%"
"02/08/2024","3.89","3.90","3.92","3.83","8.82M","-0.25%"
"02/07/2024","3.90","3.83","3.94","3.82","8.33M","2.08%"
"02/06/2024","3.82","3.75","3.89","3.72","10.29M","2.12%"
"02/05/2024","3.74","3.75","3.78","3.70","7.31M","-0.26%"
"02/02/2024","3.75","3.81","3.85","3.73","10.55M","-1.05%"
"02/01/2024","3.79","3.80","3.83","3.71","9.70M","-0.26%"
"01/31/2024","3.80","3.78","3.87","3.75","11.41M","0.79%"
"01/30/2024","3.77","3.78","3.83","3.73","7.65M","-0.26%"
"01/29/2024","3.78","3.71","3.80","3.68","14.38M","1.87%"
"01/26/2024","3.71","3.70","3.75","3.68","5.29M","0.27%"
"01/25/2024","3.70","3.68","3.72","3.65","5.58M","0.27%"
"01/24/2024","3.69","3.74","3.74","3.63","8.13M","-0.27%"
"01/23/2024","3.70","3.65","3.74","3.63","7.53M","2.19%"
"01/22/2024","3.62","3.71","3.72","3.57","10.65M","-2.41%"
"01/19/2024","3.71","3.68","3.73","3.57","9.53M","1.35%"
"01/18/2024","3.66","3.72","3.74","3.63","9.68M","-0.81%"
"01/17/2024","3.69","3.76","3.77","3.64","11.26M","-1.85%"
"01/16/2024","3.76","3.95","3.95","3.70","27.62M","-5.25%"
"01/15/2024","3.97","3.96","3.98","3.92","5.01M","0.00%"
"01/12/2024","3.97","3.91","4.02","3.89","15.35M","1.78%"
"01/11/2024","3.90","4.03","4.05","3.87","21.98M","-3.20%"
"01/10/2024","4.03","4.07","4.07","3.98","8.76M","-0.98%"
"01/09/2024","4.07","4.00","4.07","3.97","9.73M","1.23%"
"01/08/2024","4.02","4.01","4.04","3.97","8.74M","0.25%"
"01/05/2024","4.01","3.97","4.07","3.94","11.37M","0.50%"
"01/04/2024","3.99","4.08","4.09","3.96","10.58M","-2.19%"
"01/03/2024","4.08","4.06","4.12","4.01","11.07M","0.74%"
"01/02/2024","4.05","4.00","4.07","3.98","11.09M","1.24%"
"12/28/2023","4.00","4.03","4.04","3.93","15.62M","-0.74%"
"12/27/2023","4.03","4.09","4.13","4.00","17.38M","-1.93%"
"12/26/2023","4.11","4.17","4.18","4.09","15.89M","-1.43%"
"12/22/2023","4.17","4.01","4.19","3.95","28.20M","4.22%"
"12/21/2023","4.00","3.89","4.00","3.85","20.31M","3.57%"
"12/20/2023","3.86","3.82","3.88","3.75","18.86M","0.75%"
"12/19/2023","3.83","3.71","3.83","3.66","25.81M","3.37%"
"12/18/2023","3.71","3.62","3.71","3.60","24.79M","3.49%"
"12/15/2023","3.58","3.55","3.63","3.49","45.71M","2.19%"
"12/14/2023","3.50","3.48","3.79","3.48","64.13M","1.39%"
"12/13/2023","3.46","3.33","3.50","3.32","23.18M","4.05%"
"12/12/2023","3.32","3.40","3.41","3.32","14.66M","-1.42%"
"12/11/2023","3.37","3.50","3.50","3.37","16.54M","-3.57%"
"12/08/2023","3.50","3.53","3.54","3.43","14.11M","0.55%"
"12/07/2023","3.48","3.43","3.54","3.37","22.09M","1.69%"
"12/06/2023","3.42","3.38","3.51","3.37","47.80M","2.89%"
"12/05/2023","3.32","3.51","3.56","3.31","41.57M","-5.46%"
"12/04/2023","3.51","3.50","3.55","3.50","11.24M","0.00%"
"12/01/2023","3.51","3.52","3.56","3.50","18.95M","0.27%"
"11/30/2023","3.50","3.54","3.55","3.46","22.09M","-0.27%"
"11/29/2023","3.51","3.50","3.56","3.49","20.40M","0.83%"
"11/28/2023","3.49","3.41","3.49","3.37","15.99M","2.25%"
"11/27/2023","3.41","3.59","3.62","3.40","29.62M","-5.08%"
"11/24/2023","3.59","3.57","3.62","3.54","13.79M","0.54%"
"11/23/2023","3.57","3.50","3.57","3.47","15.78M","1.92%"
"11/22/2023","3.50","3.53","3.54","3.49","29.13M","0.27%"
"11/21/2023","3.50","3.60","3.61","3.50","23.50M","-3.45%"
"11/20/2023","3.62","3.45","3.62","3.41","39.06M","5.60%"
"11/17/2023","3.43","3.65","3.68","3.43","39.68M","-5.56%"
"11/16/2023","3.63","3.60","3.64","3.56","20.52M","1.07%"
"11/14/2023","3.59","3.71","3.75","3.58","29.24M","-2.35%"
"11/13/2023","3.68","3.67","3.69","3.63","14.69M","0.52%"
"11/10/2023","3.66","3.69","3.70","3.62","16.07M","1.06%"
"11/09/2023","3.62","3.68","3.81","3.61","25.57M","-0.79%"
"11/08/2023","3.65","3.83","3.87","3.64","30.56M","-4.76%"
"11/07/2023","3.83","3.65","3.84","3.63","29.73M","5.28%"
"11/06/2023","3.64","3.66","3.69","3.61","9.30M","0.00%"
"11/03/2023","3.64","3.65","3.70","3.60","16.13M","1.07%"
"11/01/2023","3.60","3.50","3.60","3.50","18.06M","3.31%"
"10/31/2023","3.49","3.50","3.50","3.41","11.15M","0.55%"
"10/30/2023","3.47","3.62","3.64","3.46","22.43M","-3.48%"
"10/27/2023","3.59","3.64","3.72","3.57","26.70M","-1.32%"
"10/26/2023","3.64","3.58","3.66","3.53","21.27M","1.61%"
"10/25/2023","3.58","3.63","3.73","3.53","23.79M","-0.53%"
"10/24/2023","3.60","3.49","3.62","3.48","18.01M","4.17%"
"10/23/2023","3.46","3.41","3.48","3.40","12.20M","0.56%"
"10/20/2023","3.44","3.37","3.47","3.37","22.25M","0.85%"
"10/19/2023","3.41","3.30","3.44","3.29","35.09M","2.60%"
"10/18/2023","3.32","3.33","3.40","3.28","23.49M","-0.17%"
"10/17/2023","3.33","3.41","3.41","3.31","14.08M","-1.41%"
"10/16/2023","3.38","3.37","3.42","3.34","12.13M","0.57%"
"10/13/2023","3.36","3.47","3.51","3.36","13.74M","-3.30%"
"10/11/2023","3.47","3.40","3.50","3.39","15.56M","1.96%"
"10/10/2023","3.40","3.36","3.41","3.34","9.57M","2.29%"
"10/09/2023","3.33","3.24","3.37","3.21","15.34M","3.25%"
"10/06/2023","3.22","3.19","3.25","3.13","15.74M","0.00%"
"10/05/2023","3.22","3.30","3.35","3.19","37.14M","-2.59%"
"10/04/2023","3.31","3.31","3.34","3.29","10.55M","0.29%"
"10/03/2023","3.30","3.31","3.39","3.26","29.24M","-0.57%"
"10/02/2023","3.32","3.42","3.43","3.27","16.66M","-2.79%"
"09/29/2023","3.41","3.45","3.48","3.38","13.63M","0.28%"
"09/28/2023","3.40","3.40","3.43","3.32","16.70M","0.56%"
"09/27/2023","3.39","3.44","3.48","3.35","21.25M","-1.39%"
"09/26/2023","3.43","3.55","3.57","3.42","22.78M","-3.74%"
"09/25/2023","3.57","3.59","3.64","3.51","13.08M","-0.80%"
"09/22/2023","3.59","3.59","3.65","3.55","21.90M","0.80%"
"09/21/2023","3.57","3.59","3.67","3.55","21.30M","-1.84%"
"09/20/2023","3.63","3.73","3.76","3.63","23.53M","-2.31%"
"09/19/2023","3.72","3.81","3.85","3.66","20.13M","-2.26%"
"09/18/2023","3.80","3.80","3.87","3.73","23.24M","0.25%"
"09/15/2023","3.80","3.78","3.93","3.78","34.59M","0.25%"
"09/14/2023","3.79","3.79","3.82","3.75","9.54M","0.76%"
"09/13/2023","3.76","3.70","3.83","3.70","17.54M","1.55%"
"09/12/2023","3.70","3.62","3.76","3.60","15.64M","2.65%"
"09/11/2023","3.60","3.57","3.61","3.54","10.95M","-2.85%"
"09/09/2023","3.71","3.71","3.71","3.71","","4.87%"
"09/08/2023","3.54","3.52","3.58","3.50","26.01M","-0.80%"
"09/06/2023","3.57","3.57","3.69","3.53","22.60M","0.00%"
"09/05/2023","3.57","3.39","3.60","3.38","25.45M","3.89%"
"09/04/2023","3.43","3.46","3.51","3.41","8.76M","-5.95%"
"09/02/2023","3.65","3.65","3.65","3.65","","5.45%"
"09/01/2023","3.46","3.49","3.57","3.46","17.14M","0.00%"
"08/31/2023","3.46","3.58","3.59","3.45","21.83M","-3.20%"
"08/30/2023","3.58","3.64","3.67","3.54","14.98M","-1.83%"
"08/29/2023","3.64","3.60","3.65","3.57","13.50M","2.14%"
"08/28/2023","3.57","3.66","3.66","3.53","27.83M","-1.32%"
"08/25/2023","3.61","3.60","3.65","3.54","21.15M","1.61%"
"08/24/2023","3.56","3.44","3.63","3.43","42.06M","3.32%"
"08/23/2023","3.44","3.39","3.55","3.37","43.67M","2.56%"
"08/22/2023","3.36","3.37","3.39","3.27","22.70M","0.57%"
"08/21/2023","3.34","3.43","3.45","3.32","12.25M","-2.51%"
"08/18/2023","3.42","3.35","3.46","3.33","15.83M","1.99%"
"08/17/2023","3.36","3.44","3.46","3.33","22.01M","-2.22%"
"08/16/2023","3.43","3.60","3.61","3.37","27.17M","-4.76%"
"08/15/2023","3.60","3.57","3.80","3.52","38.22M","0.27%"
"08/14/2023","3.59","3.65","3.65","3.56","20.01M","-2.08%"
"08/11/2023","3.67","3.72","3.74","3.62","13.35M","-1.53%"
"08/10/2023","3.73","3.75","3.78","3.69","11.32M","-0.26%"
"08/09/2023","3.74","3.78","3.79","3.68","13.82M","-1.26%"
"08/08/2023","3.79","3.79","3.80","3.69","17.78M","-1.24%"
"08/07/2023","3.83","3.90","3.91","3.80","14.54M","-1.47%"
"08/04/2023","3.89","3.89","3.95","3.85","16.34M","-0.49%"
"08/03/2023","3.91","4.01","4.02","3.88","21.32M","-2.15%"
"08/02/2023","4.00","3.94","4.00","3.92","25.66M","0.72%"
"08/01/2023","3.97","3.96","4.00","3.87","24.26M","0.00%"
"07/31/2023","3.97","3.93","4.00","3.91","13.88M","0.97%"
"07/28/2023","3.93","3.90","3.94","3.84","16.69M","1.23%"
"07/27/2023","3.88","4.03","4.04","3.87","18.27M","-3.00%"
"07/26/2023","4.00","3.98","4.02","3.94","6.29M","0.48%"
"07/25/2023","3.98","4.05","4.08","3.95","14.39M","-0.71%"
"07/24/2023","4.01","4.05","4.07","3.93","17.22M","-0.94%"
"07/21/2023","4.05","3.99","4.09","3.96","9.92M","1.67%"
"07/20/2023","3.98","4.06","4.07","3.93","13.88M","-1.41%"
"07/19/2023","4.04","4.08","4.09","3.96","15.08M","-0.47%"
"07/18/2023","4.06","4.01","4.17","3.99","19.70M","1.18%"
"07/17/2023","4.01","3.87","4.03","3.84","20.84M","3.68%"
"07/14/2023","3.87","3.98","4.00","3.80","16.72M","-2.86%"
"07/13/2023","3.98","4.01","4.06","3.94","10.50M","-0.47%"
"07/12/2023","4.00","4.08","4.11","3.99","6.02M","-0.94%"
"07/11/2023","4.04","4.02","4.10","3.95","19.71M","0.47%"
"07/10/2023","4.02","3.98","4.09","3.93","16.58M","0.95%"
"07/07/2023","3.98","3.96","4.03","3.93","18.79M","0.96%"
"07/06/2023","3.94","4.05","4.05","3.90","22.60M","-3.03%"
"07/05/2023","4.07","4.15","4.17","4.01","33.12M","-2.72%"
"07/04/2023","4.18","4.24","4.25","4.12","10.76M","-1.34%"
"07/03/2023","4.24","4.22","4.29","4.18","20.03M","1.59%"
"06/30/2023","4.17","4.40","4.47","4.12","35.30M","-4.14%"
"06/29/2023","4.35","4.17","4.35","4.17","40.68M","4.56%"
"06/28/2023","4.16","4.21","4.25","4.08","30.05M","-1.13%"
"06/27/2023","4.21","4.22","4.28","4.07","76.54M","0.45%"
"06/26/2023","4.19","4.12","4.27","4.11","42.80M","1.61%"
"06/23/2023","4.12","4.06","4.14","4.02","23.50M","2.11%"
"06/22/2023","4.04","3.99","4.06","3.93","12.36M","0.71%"
"06/21/2023","4.01","3.95","4.03","3.89","23.90M","1.93%"
"06/20/2023","3.93","3.77","3.95","3.75","35.07M","4.53%"
"06/19/2023","3.76","3.77","3.80","3.73","9.51M","0.51%"
"06/16/2023","3.74","3.72","3.76","3.70","14.40M","0.00%"
"06/15/2023","3.74","3.74","3.78","3.71","13.70M","0.25%"
"06/14/2023","3.74","3.70","3.78","3.65","25.79M","1.29%"
"06/13/2023","3.69","3.77","3.80","3.65","19.93M","-2.51%"
"06/12/2023","3.78","3.77","3.79","3.74","16.19M","0.25%"
"06/09/2023","3.77","3.78","3.81","3.72","13.99M","0.76%"
"06/07/2023","3.74","3.74","3.84","3.67","19.33M","0.77%"
"06/06/2023","3.72","3.59","3.72","3.56","20.81M","3.98%"
"06/05/2023","3.57","3.50","3.59","3.49","11.68M","1.62%"
"06/02/2023","3.52","3.60","3.63","3.48","24.01M","-1.33%"
"06/01/2023","3.56","3.46","3.65","3.37","28.27M","3.58%"
"05/31/2023","3.44","3.41","3.55","3.40","22.96M","0.83%"
"05/30/2023","3.41","3.38","3.45","3.30","24.11M","1.98%"
"05/29/2023","3.35","3.31","3.40","3.28","14.49M","2.02%"
"05/26/2023","3.28","3.33","3.34","3.17","25.64M","0.29%"
"05/25/2023","3.27","3.37","3.41","3.26","36.01M","-1.15%"
"05/24/2023","3.31","3.45","3.52","3.25","35.19M","-4.38%"
"05/23/2023","3.46","3.46","3.56","3.43","11.99M","0.00%"
"05/22/2023","3.46","3.54","3.56","3.44","14.11M","-1.08%"
"05/19/2023","3.50","3.32","3.51","3.27","32.61M","6.34%"
"05/18/2023","3.29","3.24","3.33","3.17","40.73M","1.46%"
"05/17/2023","3.24","3.08","3.29","3.07","27.81M","5.56%"
"05/16/2023","3.07","2.97","3.13","2.97","45.54M","3.18%"
"05/15/2023","2.98","3.18","3.20","2.89","71.38M","-4.56%"
"05/12/2023","3.12","3.16","3.20","3.08","13.58M","-1.20%"
"05/11/2023","3.16","3.10","3.16","3.04","17.03M","1.52%"
"05/10/2023","3.11","3.02","3.13","2.98","19.99M","3.14%"
"05/09/2023","3.01","3.12","3.15","3.01","32.02M","-3.93%"
"05/08/2023","3.14","3.13","3.20","3.13","16.04M","-4.90%"
"05/06/2023","3.30","3.30","3.30","3.30","","6.12%"
"05/05/2023","3.11","3.02","3.12","3.01","15.92M","3.14%"
"05/04/2023","3.01","3.01","3.05","2.95","20.41M","0.95%"
"05/03/2023","2.99","2.90","3.02","2.84","15.65M","3.62%"
"05/02/2023","2.88","3.01","3.07","2.88","14.52M","-4.70%"
"04/28/2023","3.02","2.97","3.08","2.93","20.38M","1.92%"
"04/27/2023","2.97","2.89","3.00","2.88","12.22M","2.62%"
"04/26/2023","2.89","3.01","3.02","2.88","14.94M","-4.09%"
"04/25/2023","3.01","3.06","3.14","2.97","18.92M","-1.55%"
"04/24/2023","3.06","2.94","3.10","2.88","36.99M","3.86%"
"04/20/2023","2.95","2.87","2.97","2.83","11.77M","2.64%"
"04/19/2023","2.87","2.98","2.99","2.86","19.76M","-4.72%"
"04/18/2023","3.01","2.98","3.02","2.94","13.81M","1.92%"
"04/17/2023","2.96","2.89","2.98","2.86","14.93M","2.63%"
"04/14/2023","2.88","2.85","2.89","2.81","10.59M","0.33%"
"04/13/2023","2.87","2.92","2.95","2.84","15.74M","-0.98%"
"04/12/2023","2.90","2.91","3.01","2.88","32.34M","0.00%"
"04/11/2023","2.90","2.70","2.91","2.68","33.51M","8.90%"
"04/10/2023","2.66","2.66","2.69","2.64","14.11M","0.72%"
"04/06/2023","2.65","2.66","2.67","2.61","14.57M","-1.06%"
"04/05/2023","2.67","2.69","2.71","2.61","22.31M","-0.35%"
"04/04/2023","2.68","2.71","2.73","2.65","20.93M","0.00%"
"04/03/2023","2.68","2.73","2.76","2.66","18.76M","-0.70%"
"03/31/2023","2.70","2.77","2.78","2.65","25.77M","-1.38%"
"03/30/2023","2.74","2.66","2.79","2.64","39.65M","5.09%"
"03/29/2023","2.61","2.53","2.64","2.48","36.73M","3.77%"
"03/28/2023","2.51","2.36","2.54","2.33","69.33M","5.58%"
"03/27/2023","2.38","2.30","2.41","2.29","19.66M","4.15%"
"03/24/2023","2.28","2.15","2.29","2.14","19.07M","6.64%"
"03/23/2023","2.14","2.22","2.23","2.13","30.57M","-3.00%"
"03/22/2023","2.21","2.25","2.27","2.19","26.27M","-2.10%"
"03/21/2023","2.26","2.36","2.39","2.24","26.49M","-3.64%"
"03/20/2023","2.34","2.35","2.40","2.30","20.88M","0.00%"
"03/17/2023","2.34","2.48","2.54","2.34","43.86M","-6.47%"
"03/16/2023","2.50","2.52","2.53","2.44","22.05M","0.74%"
"03/15/2023","2.49","2.47","2.51","2.44","17.49M","0.00%"
"03/14/2023","2.49","2.47","2.58","2.46","39.97M","3.44%"
"03/13/2023","2.40","2.47","2.47","2.39","31.41M","-3.68%"
"03/10/2023","2.49","2.57","2.59","2.49","23.74M","-2.86%"
"03/09/2023","2.57","2.68","2.70","2.55","41.32M","-4.76%"
"03/08/2023","2.70","2.67","2.72","2.65","21.82M","1.03%"
"03/07/2023","2.67","2.67","2.69","2.61","12.21M","0.00%"
"03/06/2023","2.67","2.63","2.71","2.57","24.27M","2.83%"
"03/03/2023","2.60","2.71","2.71","2.55","36.02M","-3.08%"
"03/02/2023","2.68","2.77","2.79","2.68","21.86M","-3.31%"
"03/01/2023","2.77","2.83","2.91","2.74","32.79M","-1.95%"
"02/28/2023","2.82","2.82","2.88","2.79","28.84M","1.32%"
"02/27/2023","2.79","2.67","2.82","2.63","32.25M","5.19%"
"02/24/2023","2.65","2.79","2.80","2.64","27.93M","-4.93%"
"02/23/2023","2.79","2.84","2.89","2.74","24.92M","-1.30%"
"02/22/2023","2.82","2.76","2.83","2.71","20.60M","1.65%"
"02/17/2023","2.78","2.82","2.86","2.76","27.95M","-1.62%"
"02/16/2023","2.82","2.82","2.86","2.75","21.15M","-0.32%"
"02/15/2023","2.83","2.72","2.84","2.62","42.76M","3.69%"
"02/14/2023","2.73","2.94","2.94","2.71","40.92M","-7.45%"
"02/13/2023","2.95","2.94","2.95","2.87","14.88M","0.31%"
"02/10/2023","2.94","3.01","3.04","2.92","23.23M","-2.13%"
"02/09/2023","3.01","3.03","3.08","2.93","43.68M","-0.61%"
"02/08/2023","3.03","2.90","3.03","2.85","50.52M","5.43%"
"02/07/2023","2.87","2.92","2.94","2.83","31.91M","-0.63%"
"02/06/2023","2.89","2.84","2.93","2.80","34.86M","1.94%"
"02/03/2023","2.83","2.80","2.86","2.70","53.29M","1.31%"
"02/02/2023","2.80","2.89","2.96","2.79","50.86M","-3.17%"
"02/01/2023","2.89","3.02","3.06","2.81","404.70M","-4.26%"
"01/31/2023","3.02","2.98","3.07","2.98","20.04M","1.23%"
"01/30/2023","2.98","3.12","3.15","2.95","24.96M","-4.97%"
"01/27/2023","3.14","3.20","3.21","3.12","8.56M","-1.72%"
"01/26/2023","3.19","3.25","3.27","3.17","8.27M","-1.42%"
"01/25/2023","3.24","3.18","3.24","3.14","7.65M","1.73%"
"01/24/2023","3.18","3.04","3.19","3.01","12.70M","5.47%"
"01/23/2023","3.02","3.01","3.07","2.98","10.64M","0.00%"
"01/20/2023","3.02","3.12","3.13","3.00","19.26M","-3.52%"
"01/19/2023","3.13","3.07","3.14","2.98","23.71M","1.79%"
"01/18/2023","3.07","3.12","3.16","3.05","13.32M","-0.30%"
"01/17/2023","3.08","3.04","3.12","3.02","11.86M","1.82%"
"01/16/2023","3.03","3.04","3.07","3.00","8.73M","-1.20%"
"01/13/2023","3.06","3.17","3.21","3.04","14.49M","-4.30%"
"01/12/2023","3.20","3.26","3.34","3.15","13.18M","-2.51%"
"01/11/2023","3.28","3.08","3.28","3.08","21.44M","6.87%"
"01/10/2023","3.07","2.95","3.07","2.94","12.59M","3.72%"
"01/09/2023","2.96","2.93","3.02","2.90","15.63M","0.31%"
"01/06/2023","2.95","2.97","3.01","2.91","38.00M","-0.31%"
"01/05/2023","2.96","3.07","3.11","2.93","35.45M","-2.71%"
"01/04/2023","3.04","3.10","3.14","3.03","10.68M","-0.60%"
"01/03/2023","3.06","3.25","3.27","3.05","9.56M","-5.65%"
"01/02/2023","3.25","3.38","3.40","3.22","9.47M","-5.35%"
"12/29/2022","3.43","3.51","3.59","3.39","7.18M","-0.27%"
"12/28/2022","3.44","3.38","3.53","3.35","9.72M","1.90%"
"12/27/2022","3.38","3.34","3.38","3.27","5.67M","1.38%"
"12/26/2022","3.33","3.43","3.43","3.27","5.29M","-2.16%"
"12/23/2022","3.40","3.35","3.43","3.32","4.49M","2.20%"
"12/22/2022","3.33","3.32","3.35","3.25","7.73M","0.28%"
"12/21/2022","3.32","3.26","3.37","3.23","14.61M","2.26%"
"12/20/2022","3.25","3.03","3.30","3.03","12.94M","5.99%"
"12/19/2022","3.06","3.00","3.08","2.98","6.69M","2.45%"
"12/16/2022","2.99","3.03","3.05","2.96","7.70M","-1.21%"
"12/15/2022","3.03","3.04","3.13","3.00","8.86M","-1.20%"
"12/14/2022","3.06","2.97","3.09","2.93","15.44M","2.45%"
"12/13/2022","2.99","3.04","3.12","2.98","10.85M","-1.21%"
"12/12/2022","3.03","3.07","3.11","2.96","24.01M","-1.49%"
"12/09/2022","3.07","3.09","3.12","2.98","12.96M","0.30%"
"12/08/2022","3.06","3.21","3.26","3.05","19.98M","-4.87%"
"12/07/2022","3.22","3.29","3.31","3.20","13.63M","-2.17%"
"12/06/2022","3.29","3.37","3.39","3.24","13.33M","-1.34%"
"12/05/2022","3.34","3.53","3.53","3.32","14.61M","-4.36%"
"12/02/2022","3.49","3.46","3.61","3.44","16.61M","1.56%"
"12/01/2022","3.43","3.58","3.58","3.42","22.63M","-5.19%"
"11/30/2022","3.62","3.56","3.65","3.51","16.88M","1.25%"
"11/29/2022","3.58","3.60","3.70","3.51","13.24M","-0.50%"
"11/28/2022","3.60","3.58","3.66","3.58","7.39M","-0.74%"
"11/25/2022","3.62","3.72","3.75","3.57","8.74M","-2.41%"
"11/24/2022","3.71","3.62","3.73","3.59","5.51M","3.75%"
"11/23/2022","3.58","3.56","3.63","3.53","6.53M","-0.74%"
"11/22/2022","3.60","3.60","3.65","3.55","10.44M","0.00%"
"11/21/2022","3.60","3.67","3.72","3.53","11.31M","-0.98%"
"11/18/2022","3.64","3.57","3.83","3.52","23.15M","4.09%"
"11/17/2022","3.50","3.55","3.56","3.35","25.11M","-2.98%"
"11/16/2022","3.60","3.69","3.75","3.54","16.15M","-2.18%"
"11/14/2022","3.69","3.75","3.78","3.63","10.87M","-0.48%"
"11/11/2022","3.70","3.62","3.74","3.43","24.24M","0.73%"
"11/10/2022","3.68","3.91","3.96","3.66","22.57M","-8.05%"
"11/09/2022","4.00","4.05","4.16","3.97","11.34M","-1.76%"
"11/08/2022","4.07","4.00","4.10","3.95","15.44M","1.79%"
"11/07/2022","4.00","4.30","4.36","4.00","17.22M","-5.30%"
"11/04/2022","4.22","4.20","4.33","4.14","12.40M","0.43%"
"11/03/2022","4.20","3.96","4.24","3.88","14.96M","4.21%"
"11/01/2022","4.03","3.86","4.08","3.80","23.62M","5.13%"
"10/31/2022","3.84","3.58","3.86","3.53","19.46M","3.37%"
"10/28/2022","3.71","3.68","3.72","3.63","9.91M","0.48%"
"10/27/2022","3.69","3.57","3.75","3.57","15.10M","4.03%"
"10/26/2022","3.55","3.65","3.66","3.53","15.53M","-2.93%"
"10/25/2022","3.66","3.69","3.76","3.65","12.08M","-0.97%"
"10/24/2022","3.69","3.76","3.77","3.69","8.98M","-3.28%"
"10/21/2022","3.82","3.75","3.85","3.72","14.60M","1.67%"
"10/20/2022","3.76","3.75","3.78","3.69","13.40M","0.96%"
"10/19/2022","3.72","3.70","3.76","3.66","12.59M","0.48%"
"10/18/2022","3.70","3.71","3.77","3.65","13.12M","0.98%"
"10/17/2022","3.67","3.71","3.76","3.66","8.07M","-0.24%"
"10/14/2022","3.68","3.81","3.82","3.67","10.41M","-3.29%"
"10/13/2022","3.80","3.88","3.89","3.78","14.98M","-2.30%"
"10/11/2022","3.89","3.65","3.94","3.62","30.81M","6.62%"
"10/10/2022","3.65","3.79","3.79","3.62","18.70M","-2.63%"
"10/07/2022","3.75","3.97","3.99","3.70","16.16M","-6.05%"
"10/06/2022","3.99","3.98","4.02","3.96","5.96M","0.68%"
"10/05/2022","3.96","3.91","3.96","3.86","8.34M","1.14%"
"10/04/2022","3.92","3.96","4.04","3.88","11.36M","-0.23%"
"10/03/2022","3.93","3.80","3.93","3.78","14.08M","5.57%"
"09/30/2022","3.72","3.65","3.78","3.64","11.79M","0.96%"
"09/29/2022","3.68","3.65","3.70","3.60","12.24M","0.24%"
"09/28/2022","3.68","3.74","3.76","3.68","11.02M","-1.19%"
"09/27/2022","3.72","3.83","3.91","3.72","11.02M","-2.33%"
"09/26/2022","3.81","3.89","3.92","3.78","9.43M","-2.28%"
"09/23/2022","3.90","3.95","3.98","3.83","14.14M","-3.52%"
"09/22/2022","4.04","3.92","4.08","3.89","13.53M","4.36%"
"09/21/2022","3.87","3.96","4.02","3.82","18.25M","-2.02%"
"09/20/2022","3.95","3.98","4.12","3.91","10.63M","-0.67%"
"09/19/2022","3.98","3.82","3.99","3.78","8.86M","4.43%"
"09/16/2022","3.81","3.68","3.88","3.65","19.80M","1.90%"
"09/15/2022","3.74","3.73","3.75","3.62","12.65M","0.24%"
"09/14/2022","3.73","3.69","3.81","3.67","13.47M","1.20%"
"09/13/2022","3.68","3.86","3.87","3.67","21.08M","-4.82%"
"09/12/2022","3.87","3.94","3.98","3.83","15.58M","-0.68%"
"09/09/2022","3.90","3.93","4.03","3.87","15.44M","0.00%"
"09/08/2022","3.90","3.98","3.99","3.84","9.79M","-1.13%"
"09/06/2022","3.94","4.13","4.16","3.93","14.53M","-3.90%"
"09/05/2022","4.10","4.11","4.21","4.10","7.56M","0.43%"
"09/02/2022","4.08","4.31","4.34","4.08","69.21M","-3.56%"
"09/01/2022","4.23","4.33","4.41","4.16","13.00M","-1.45%"
"08/31/2022","4.30","4.37","4.42","4.27","8.32M","-1.22%"
"08/30/2022","4.35","4.46","4.47","4.32","7.79M","-2.00%"
"08/29/2022","4.44","4.26","4.47","4.25","7.87M","3.09%"
"08/26/2022","4.31","4.47","4.51","4.28","6.67M","-3.58%"
"08/25/2022","4.47","4.57","4.59","4.44","4.08M","-1.18%"
"08/24/2022","4.52","4.44","4.59","4.41","5.81M","1.39%"
"08/23/2022","4.46","4.30","4.46","4.30","6.33M","3.51%"
"08/22/2022","4.31","4.29","4.35","4.16","9.80M","0.00%"
"08/19/2022","4.31","4.51","4.52","4.21","17.69M","-4.72%"
"08/18/2022","4.52","4.63","4.70","4.50","8.71M","-3.60%"
"08/17/2022","4.69","4.58","4.76","4.55","27.21M","1.73%"
"08/16/2022","4.61","4.66","4.69","4.55","5.73M","-0.38%"
"08/15/2022","4.63","4.63","4.71","4.55","10.23M","-1.14%"
"08/12/2022","4.68","4.56","4.68","4.48","15.15M","7.99%"
"08/11/2022","4.33","4.60","4.67","4.30","11.33M","-5.24%"
"08/10/2022","4.57","4.41","4.69","4.41","8.93M","4.67%"
"08/09/2022","4.37","4.44","4.56","4.35","9.13M","-0.61%"
"08/08/2022","4.39","4.38","4.49","4.34","6.25M","1.85%"
"08/05/2022","4.31","4.53","4.53","4.23","11.05M","-3.76%"
"08/04/2022","4.48","4.31","4.78","4.31","17.19M","4.99%"
"08/03/2022","4.27","4.11","4.36","4.11","8.74M","4.34%"
"08/02/2022","4.09","3.91","4.10","3.89","12.87M","4.54%"
"08/01/2022","3.91","3.97","3.98","3.86","7.67M","0.00%"
"07/29/2022","3.91","4.01","4.07","3.91","8.63M","-1.78%"
"07/28/2022","3.99","4.01","4.06","3.88","3.62M","0.00%"
"07/27/2022","3.99","3.73","3.99","3.71","8.61M","7.67%"
"07/26/2022","3.70","3.69","3.80","3.66","4.56M","0.48%"
"07/25/2022","3.68","3.76","3.77","3.64","10.48M","-1.19%"
"07/22/2022","3.73","3.99","3.99","3.73","6.45M","-5.62%"
"07/21/2022","3.95","4.01","4.01","3.92","6.65M","-0.89%"
"07/20/2022","3.99","3.82","4.01","3.79","11.01M","3.70%"
"07/19/2022","3.84","3.83","3.92","3.82","5.25M","0.70%"
"07/18/2022","3.82","3.98","4.07","3.82","5.01M","-2.71%"
"07/15/2022","3.92","3.82","3.94","3.76","4.86M","3.03%"
"07/14/2022","3.81","3.68","3.84","3.64","9.71M","3.62%"
"07/13/2022","3.68","3.58","3.71","3.46","14.83M","2.99%"
"07/12/2022","3.57","3.68","3.69","3.57","14.63M","-3.37%"
"07/11/2022","3.69","3.88","3.89","3.67","13.11M","-5.45%"
"07/08/2022","3.91","4.02","4.12","3.91","6.88M","-3.63%"
"07/07/2022","4.05","3.93","4.14","3.93","9.98M","3.64%"
"07/06/2022","3.91","4.04","4.05","3.79","11.82M","-3.09%"
"07/05/2022","4.04","4.06","4.06","3.90","9.48M","-0.22%"
"07/04/2022","4.04","4.04","4.20","4.01","4.99M","0.44%"
"07/01/2022","4.03","4.03","4.19","4.03","12.79M","-1.53%"
"06/30/2022","4.09","4.24","4.24","4.05","6.67M","-4.38%"
"06/29/2022","4.28","4.31","4.36","4.25","7.10M","-0.41%"
"06/28/2022","4.29","4.32","4.47","4.29","8.95M","0.42%"
"06/27/2022","4.28","4.28","4.34","4.24","10.46M","0.42%"
"06/24/2022","4.26","4.32","4.34","4.23","7.91M","-0.21%"
"06/23/2022","4.27","4.47","4.52","4.27","7.90M","-4.01%"
"06/22/2022","4.44","4.48","4.53","4.40","8.36M","-0.99%"
"06/21/2022","4.49","4.56","4.60","4.44","7.35M","-0.79%"
"06/20/2022","4.52","4.52","4.65","4.45","7.77M","0.00%"
"06/17/2022","4.52","4.51","4.52","4.31","10.88M","-0.78%"
"06/15/2022","4.56","4.54","4.65","4.48","10.80M","2.20%"
"06/14/2022","4.46","4.59","4.64","4.45","9.80M","-2.34%"
"06/13/2022","4.57","4.63","4.68","4.51","7.68M","-3.57%"
"06/10/2022","4.74","4.77","4.78","4.68","4.75M","-1.66%"
"06/09/2022","4.82","4.88","5.00","4.81","8.44M","-1.99%"
"06/08/2022","4.92","5.00","5.01","4.78","13.92M","-2.13%"
"06/07/2022","5.02","5.28","5.30","4.99","18.75M","-5.37%"
"06/06/2022","5.31","5.57","5.57","5.25","9.82M","-3.72%"
"06/03/2022","5.51","5.58","5.60","5.45","9.29M","-1.75%"
"06/02/2022","5.61","5.55","5.66","5.50","14.14M","1.78%"
"06/01/2022","5.51","5.50","5.55","5.41","9.07M","0.98%"
"05/31/2022","5.46","5.63","5.69","5.46","13.85M","-2.54%"
"05/30/2022","5.60","5.46","5.67","5.32","7.51M","3.62%"
"05/27/2022","5.41","5.52","5.58","5.39","11.39M","-1.78%"
"05/26/2022","5.50","5.28","5.65","5.28","14.75M","4.39%"
"05/25/2022","5.27","5.15","5.33","5.11","9.73M","2.25%"
"05/24/2022","5.16","4.98","5.20","4.96","9.00M","2.66%"
"05/23/2022","5.02","4.98","5.10","4.88","11.43M","1.81%"
"05/20/2022","4.93","5.10","5.12","4.83","10.51M","-2.29%"
"05/19/2022","5.05","4.99","5.18","4.90","12.22M","1.98%"
"05/18/2022","4.95","4.99","5.11","4.90","17.77M","-1.07%"
"05/17/2022","5.01","4.95","5.18","4.88","40.85M","2.55%"
"05/16/2022","4.88","4.61","4.88","4.54","29.36M","6.00%"
"05/13/2022","4.61","4.80","4.80","4.52","51.16M","-3.90%"
"05/12/2022","4.79","4.59","4.81","4.55","13.34M","3.26%"
"05/11/2022","4.64","4.64","4.69","4.49","17.31M","0.19%"
"05/10/2022","4.63","4.66","4.71","4.57","9.81M","0.19%"
"05/09/2022","4.62","4.93","4.93","4.44","21.27M","-6.65%"
"05/06/2022","4.95","4.97","5.07","4.86","14.45M","0.18%"
"05/05/2022","4.94","5.38","5.38","4.93","16.75M","-8.26%"
"05/04/2022","5.39","5.51","5.51","5.21","18.77M","-2.42%"
"05/03/2022","5.52","5.91","5.91","5.23","36.45M","-5.92%"
"05/02/2022","5.87","6.15","6.19","5.75","12.37M","-4.49%"
"04/29/2022","6.15","6.41","6.45","6.07","21.94M","-13.87%"
"04/28/2022","7.14","7.06","7.14","6.93","9.65M","1.13%"
"04/27/2022","7.06","7.01","7.09","6.92","11.35M","1.28%"
"04/26/2022","6.97","6.96","7.06","6.82","9.19M","-0.43%"
"04/25/2022","7.00","6.74","7.03","6.73","9.32M","2.47%"
"04/22/2022","6.83","6.84","6.90","6.67","9.90M","-1.29%"
"04/20/2022","6.92","6.90","7.00","6.81","7.89M","0.29%"
"04/19/2022","6.90","7.09","7.15","6.89","12.61M","-2.52%"
"04/18/2022","7.08","7.04","7.13","6.90","6.90M","0.42%"
"04/14/2022","7.05","7.02","7.08","6.94","4.93M","0.28%"
"04/13/2022","7.03","6.98","7.05","6.88","5.82M","1.43%"
"04/12/2022","6.93","6.90","7.09","6.85","15.55M","1.16%"
"04/11/2022","6.85","6.82","6.93","6.71","4.95M","-0.72%"
"04/08/2022","6.90","6.95","7.05","6.84","10.67M","-1.14%"
"04/07/2022","6.98","7.05","7.13","6.92","10.18M","-1.40%"
"04/06/2022","7.08","6.96","7.13","6.84","9.98M","0.82%"
"04/05/2022","7.02","6.94","7.05","6.85","6.92M","1.43%"
"04/04/2022","6.92","6.86","6.95","6.74","13.33M","1.16%"
"04/01/2022","6.84","6.97","7.02","6.60","18.86M","-1.56%"
"03/31/2022","6.95","7.25","7.28","6.89","12.90M","-4.09%"
"03/30/2022","7.25","7.30","7.37","7.19","10.69M","-0.14%"
"03/29/2022","7.26","7.22","7.40","7.12","18.07M","-0.41%"
"03/28/2022","7.29","7.17","7.35","7.08","10.76M","1.38%"
"03/25/2022","7.19","7.07","7.26","6.95","15.25M","1.68%"
"03/24/2022","7.07","7.02","7.17","6.97","11.53M","0.56%"
"03/23/2022","7.03","6.98","7.06","6.91","8.15M","0.14%"
"03/22/2022","7.02","6.77","7.03","6.77","9.68M","3.20%"
"03/21/2022","6.80","6.89","7.07","6.71","14.96M","-1.57%"
"03/18/2022","6.91","6.56","6.91","6.56","17.68M","5.27%"
"03/17/2022","6.56","6.25","6.60","6.17","9.97M","4.73%"
"03/16/2022","6.27","6.37","6.43","6.15","10.67M","-0.47%"
"03/15/2022","6.30","6.14","6.34","6.13","5.87M","1.11%"
"03/14/2022","6.23","6.25","6.38","6.15","7.68M","-0.16%"
"03/11/2022","6.24","6.35","6.66","6.16","16.71M","-1.71%"
"03/10/2022","6.35","6.27","6.49","6.19","15.22M","0.00%"
"03/09/2022","6.35","6.23","6.36","6.19","9.08M","1.90%"
"03/08/2022","6.23","6.13","6.23","6.04","5.57M","1.94%"
"03/07/2022","6.11","6.12","6.23","6.02","12.43M","-0.48%"
"03/04/2022","6.14","6.11","6.17","5.99","9.34M","0.81%"
"03/03/2022","6.09","5.93","6.18","5.93","18.06M","2.84%"
"03/02/2022","5.92","5.68","5.96","5.61","7.03M","4.90%"
"02/25/2022","5.64","5.69","5.75","5.56","6.80M","-1.04%"
"02/24/2022","5.70","5.49","5.72","5.32","11.36M","1.94%"
"02/23/2022","5.60","5.63","5.68","5.54","10.77M","0.18%"
"02/22/2022","5.59","5.76","5.83","5.55","7.35M","-2.08%"
"02/21/2022","5.70","6.07","6.08","5.65","8.73M","-5.56%"
"02/18/2022","6.04","6.24","6.26","5.91","12.54M","-2.86%"
"02/17/2022","6.22","6.39","6.40","6.14","16.17M","-2.18%"
"02/16/2022","6.36","6.37","6.48","6.30","12.03M","0.16%"
"02/15/2022","6.35","6.48","6.48","6.15","17.43M","0.00%"
"02/14/2022","6.35","6.29","6.43","6.29","12.68M","1.10%"
"02/11/2022","6.28","6.39","6.44","6.23","8.00M","-1.24%"
"02/10/2022","6.36","6.33","6.40","6.20","9.67M","1.26%"
"02/09/2022","6.28","6.26","6.40","6.23","8.87M","0.32%"
"02/08/2022","6.26","6.22","6.35","6.11","9.77M","0.96%"
"02/07/2022","6.20","6.36","6.44","6.19","7.18M","-1.72%"
"02/04/2022","6.31","6.38","6.49","6.28","8.48M","-1.24%"
"02/03/2022","6.39","6.33","6.46","6.26","8.39M","1.10%"
"02/02/2022","6.32","6.38","6.55","6.30","8.81M","-0.16%"
"02/01/2022","6.33","6.43","6.46","6.17","8.05M","-0.31%"
"01/31/2022","6.35","6.25","6.46","6.21","7.51M","0.63%"
"01/28/2022","6.31","6.14","6.39","6.14","15.57M","2.08%"
"01/27/2022","6.18","6.22","6.41","6.16","8.50M","0.48%"
"01/26/2022","6.15","6.24","6.33","6.12","11.61M","0.32%"
"01/25/2022","6.13","6.01","6.21","5.98","8.10M","0.81%"
"01/24/2022","6.08","6.09","6.12","5.96","8.53M","-1.28%"
"01/21/2022","6.16","6.33","6.34","6.11","7.61M","-3.26%"
"01/20/2022","6.37","6.30","6.50","6.28","9.34M","1.10%"
"01/19/2022","6.30","6.14","6.41","6.14","12.66M","3.07%"
"01/18/2022","6.11","6.10","6.17","5.99","3.85M","0.00%"
"01/17/2022","6.11","6.07","6.27","6.07","3.14M","-0.16%"
"01/14/2022","6.12","6.04","6.13","5.94","4.75M","1.31%"
"01/13/2022","6.04","5.97","6.14","5.97","4.39M","-0.33%"
"01/12/2022","6.06","5.86","6.15","5.82","9.08M","3.90%"
"01/11/2022","5.83","5.60","5.83","5.60","5.43M","3.51%"
"01/10/2022","5.63","5.63","5.71","5.47","11.25M","-2.06%"
"01/07/2022","5.75","5.55","5.88","5.51","10.96M","4.68%"
"01/06/2022","5.50","5.73","5.78","5.43","8.43M","-3.61%"
"01/05/2022","5.70","6.18","6.20","5.70","7.20M","-8.53%"
"01/04/2022","6.23","6.16","6.25","6.07","10.61M","0.96%"
"01/03/2022","6.17","6.34","6.40","6.14","7.45M","-2.79%"
"12/30/2021","6.35","5.93","6.36","5.86","23.10M","7.32%"
"12/29/2021","5.92","5.93","6.00","5.81","5.39M","-0.66%"
"12/28/2021","5.96","5.81","5.96","5.78","4.38M","2.20%"
"12/27/2021","5.83","5.62","5.83","5.58","4.49M","3.50%"
"12/23/2021","5.63","5.56","5.65","5.53","3.17M","0.88%"
"12/22/2021","5.58","5.63","5.65","5.48","4.65M","-1.39%"
"12/21/2021","5.66","5.76","5.82","5.59","5.05M","-1.20%"
"12/20/2021","5.73","5.77","5.77","5.51","8.43M","-1.85%"
"12/17/2021","5.84","5.93","5.96","5.84","50.15M","-2.95%"
"12/16/2021","6.02","6.15","6.18","5.96","9.24M","-1.45%"
"12/15/2021","6.11","6.11","6.16","5.94","4.79M","0.49%"
"12/14/2021","6.08","6.13","6.24","6.05","6.64M","-0.80%"
"12/13/2021","6.13","6.07","6.26","6.05","8.27M","0.97%"
"12/10/2021","6.07","5.87","6.20","5.84","8.74M","4.05%"
"12/09/2021","5.83","5.80","6.06","5.77","9.21M","-1.00%"
"12/08/2021","5.89","5.82","5.95","5.71","9.20M","1.01%"
"12/07/2021","5.83","5.84","5.86","5.48","9.91M","1.54%"
"12/06/2021","5.74","5.99","6.04","5.74","5.88M","-3.16%"
"12/03/2021","5.93","5.59","5.94","5.54","10.55M","5.80%"
"12/02/2021","5.60","5.47","5.60","5.29","18.38M","3.64%"
"12/01/2021","5.41","5.46","5.74","5.41","12.49M","0.55%"
"11/30/2021","5.38","5.65","5.71","5.34","11.28M","-5.70%"
"11/29/2021","5.70","5.89","6.01","5.70","7.81M","-2.03%"
"11/26/2021","5.82","5.61","5.95","5.59","8.56M","-2.80%"
"11/25/2021","5.99","5.51","5.99","5.35","20.55M","9.16%"
"11/24/2021","5.49","5.49","5.59","5.38","8.40M","-1.76%"
"11/23/2021","5.58","5.57","5.68","5.33","9.08M","0.71%"
"11/22/2021","5.54","5.83","5.94","5.54","8.52M","-5.06%"
"11/19/2021","5.84","5.75","5.89","5.67","11.36M","1.54%"
"11/18/2021","5.75","5.81","5.95","5.65","17.74M","-0.17%"
"11/17/2021","5.76","5.98","6.09","5.57","24.60M","-2.82%"
"11/16/2021","5.93","6.45","6.48","5.82","27.45M","-7.67%"
"11/12/2021","6.42","6.78","6.78","6.16","20.57M","-4.12%"
"11/11/2021","6.70","6.50","6.73","6.47","8.60M","4.62%"
"11/10/2021","6.40","6.64","6.70","6.40","10.07M","-3.42%"
"11/09/2021","6.63","6.68","6.87","6.63","5.18M","-0.59%"
"11/08/2021","6.67","6.70","6.73","6.62","3.90M","0.30%"
"11/05/2021","6.65","6.69","6.75","6.62","3.11M","0.00%"
"11/04/2021","6.65","6.80","6.86","6.51","8.64M","-2.17%"
"11/03/2021","6.80","6.67","6.89","6.60","5.70M","1.62%"
"11/01/2021","6.69","6.65","6.76","6.63","5.04M","0.15%"
"10/29/2021","6.68","6.64","6.71","6.51","3.89M","0.00%"
"10/28/2021","6.68","6.41","6.72","6.38","8.13M","2.26%"
"10/27/2021","6.53","6.50","6.65","6.45","7.62M","0.76%"
"10/26/2021","6.48","6.50","6.54","6.33","8.43M","-0.75%"
"10/25/2021","6.53","6.33","6.55","6.18","11.41M","4.08%"
"10/22/2021","6.27","6.24","6.30","5.79","18.79M","-0.93%"
"10/21/2021","6.33","6.46","6.51","6.10","12.31M","-3.16%"
"10/20/2021","6.54","6.70","6.74","6.51","6.03M","-0.75%"
"10/19/2021","6.59","6.87","6.89","6.57","11.35M","-4.15%"
"10/18/2021","6.87","6.97","6.98","6.85","7.46M","-1.69%"
"10/15/2021","6.99","7.06","7.08","6.93","34.19M","-0.70%"
"10/14/2021","7.04","6.96","7.11","6.95","10.97M","1.42%"
"10/13/2021","6.94","6.96","7.01","6.92","7.99M","0.28%"
"10/11/2021","6.92","7.09","7.14","6.92","10.31M","-1.54%"
"10/08/2021","7.03","7.09","7.42","7.01","20.08M","0.14%"
"10/07/2021","7.02","7.00","7.22","6.92","18.30M","2.00%"
"10/06/2021","6.88","6.96","6.99","6.78","10.29M","-1.74%"
"10/05/2021","7.01","7.02","7.10","6.96","12.87M","1.57%"
"10/04/2021","6.90","7.27","7.30","6.90","11.90M","-4.75%"
"10/01/2021","7.24","7.05","7.32","7.05","15.46M","3.80%"
"09/30/2021","6.98","6.78","7.07","6.75","15.96M","3.65%"
"09/29/2021","6.73","6.93","6.97","6.73","6.41M","-1.30%"
"09/28/2021","6.82","6.98","7.00","6.82","6.76M","-2.94%"
"09/27/2021","7.03","6.88","7.06","6.80","6.33M","2.14%"
"09/24/2021","6.88","7.06","7.10","6.87","4.99M","-3.18%"
"09/23/2021","7.10","7.25","7.29","7.06","6.30M","-1.09%"
"09/22/2021","7.18","7.20","7.31","7.13","10.21M","0.41%"
"09/21/2021","7.15","7.07","7.27","6.99","11.04M","2.39%"
"09/20/2021","6.99","6.87","7.05","6.76","8.95M","-1.80%"
"09/17/2021","7.11","6.98","7.11","6.66","15.95M","1.69%"
"09/16/2021","7.00","7.07","7.16","6.88","6.07M","-1.66%"
"09/15/2021","7.11","7.11","7.25","7.02","7.20M","0.70%"
"09/14/2021","7.06","6.94","7.25","6.94","9.63M","3.45%"
"09/13/2021","6.83","6.63","6.88","6.60","8.91M","6.92%"
"09/10/2021","6.39","6.43","6.57","6.26","5.85M","1.40%"
"09/09/2021","6.30","6.42","6.50","6.24","5.27M","-1.84%"
"09/08/2021","6.42","6.81","6.81","6.31","10.16M","-5.77%"
"09/06/2021","6.81","6.82","6.90","6.76","1.63M","-1.00%"
"09/03/2021","6.88","6.72","6.88","6.61","3.70M","2.94%"
"09/02/2021","6.68","6.95","6.97","6.65","3.64M","-3.82%"
"09/01/2021","6.95","6.98","7.03","6.91","6.46M","-0.42%"
"08/31/2021","6.98","7.03","7.03","6.89","3.69M","-0.14%"
"08/30/2021","6.99","7.12","7.15","6.97","4.94M","-1.11%"
"08/27/2021","7.06","7.03","7.11","7.00","5.79M","1.27%"
"08/26/2021","6.98","7.21","7.25","6.98","7.86M","-3.27%"
"08/25/2021","7.21","7.19","7.25","7.13","5.16M","1.24%"
"08/24/2021","7.12","7.11","7.27","7.05","6.01M","1.12%"
"08/23/2021","7.05","6.92","7.07","6.89","6.09M","2.72%"
"08/20/2021","6.86","6.77","6.93","6.71","3.08M","0.72%"
"08/19/2021","6.81","6.58","6.81","6.31","5.34M","1.76%"
"08/18/2021","6.69","6.71","6.88","6.60","8.79M","-0.15%"
"08/17/2021","6.70","6.81","6.87","6.64","17.66M","-2.85%"
"08/16/2021","6.90","6.85","7.00","6.66","13.37M","0.14%"
"08/13/2021","6.89","6.86","6.92","6.74","21.04M","0.72%"
"08/12/2021","6.84","6.85","6.86","6.63","16.95M","1.31%"
"08/11/2021","6.75","7.01","7.02","6.68","31.76M","-3.24%"
"08/10/2021","6.98","7.00","7.04","6.93","9.86M","0.42%"
"08/09/2021","6.95","7.05","7.18","6.95","14.34M","-0.42%"
"08/06/2021","6.98","7.12","7.22","6.91","28.56M","-1.93%"